ONTOLOGY	ID	Description	GeneRatio	BgRatio	pvalue	p.adjust	qvalue	geneID	Count
BP	GO:0002181	cytoplasmic translation	30/1335	76/8089	1.3306316532564883e-6	0.0060942929719147165	0.0060942929719147165	RPL23A/DHX36/RPL35A/HNRNPD/RPS12/RPL21/RPL6/PABPC1/RBM4/RPL12/PKM/RPS17/MIF4GD/EIF3H/RPL13/NCK1/FTSJ1/EIF3B/RPS14/EIF3K/FMR1/RPL30/RPS28/RPS3/RACK1/RPL3/EIF5/YBX1/RPL37/RPS29	30
CC	GO:0022626	cytosolic ribosome	18/1381	42/8409	4.515316239301764e-5	0.02465362666658763	0.024240118758356837	RPL23A/RPL35A/RPS12/RPL21/RPL6/RPL7L1/RPL12/RPS17/RPL13/RPS14/NHP2/RPL30/RPS28/RPS3/RACK1/RPL3/RPL37/RPS29	18
CC	GO:0044391	ribosomal subunit	26/1381	76/8409	1.1180332770760529e-4	0.02908071455864973	0.028592952428978916	RPL23A/MRPS22/RPL35A/MRPL2/RPS12/RPL21/RPL6/RPL7L1/MRPL30/MRPS30/RPL12/RPS17/MRPS25/RPL13/MRPL22/RPS14/MRPL16/NHP2/RPL30/RPS28/RPS3/RACK1/MRPS11/RPL3/RPL37/RPS29	26
CC	GO:0022625	cytosolic large ribosomal subunit	11/1381	21/8409	1.5978414592664688e-4	0.02908071455864973	0.028592952428978916	RPL23A/RPL35A/RPL21/RPL6/RPL7L1/RPL12/RPL13/NHP2/RPL30/RPL3/RPL37	11
MF	GO:0003735	structural constituent of ribosome	24/1368	59/8205	9.825325695088764e-6	0.007840609904680834	0.007840609904680834	RPL23A/MRPS22/RPL35A/MRPL2/RPS12/RPL21/RPL6/RPL7L1/MRPL30/MRPS30/RPL12/RPS17/MRPS25/RPL13/MRPL22/RPS14/MRPL16/RPL30/RPS28/RPS3/MRPS11/RPL3/RPL37/RPS29	24
